Diet Plan Name,Meal Type,Calories,Protein (g),Carbs (g),Fat (g),Suitable For
Beef Stir Fry,Lunch,442,36.7,60.7,25.8,Vegan
Greek Yogurt Parfait,Snack,434,29.7,59.5,28.4,Vegan
Tofu Stir Fry,Lunch,335,16.5,53.5,17.8,Weight Loss
Keto Bacon Omelette,Lunch,473,11.8,66.5,7.2,Keto
Quinoa Salad,Lunch,569,19.2,39.0,13.6,Balanced Diet
Pasta Primavera,Lunch,576,39.9,33.8,7.8,Low Carb
Stuffed Bell Peppers,Breakfast,564,25.4,67.3,13.9,High Protein
Egg White Omelette,Lunch,417,32.2,44.3,16.9,Keto
Greek Yogurt Parfait,Snack,670,25.1,25.6,21.3,High Protein
Chickpea Curry,Breakfast,685,12.1,11.0,22.3,Muscle Gain
Oatmeal with Berries,Lunch,279,13.9,54.5,15.3,Weight Loss
Egg White Omelette,Breakfast,454,28.8,62.2,20.1,Balanced Diet
Vegan Buddha Bowl,Breakfast,445,14.9,18.2,11.7,Balanced Diet
Chickpea Curry,Lunch,498,28.2,61.7,11.5,High Protein
Tofu Stir Fry,Snack,357,38.2,55.4,10.4,Vegan
Shrimp Tacos,Dinner,597,11.4,61.9,10.4,Balanced Diet
Stuffed Bell Peppers,Snack,508,14.4,68.1,15.5,Keto
Fruit and Nut Mix,Dinner,344,10.8,28.1,23.2,Vegan
Beef Stir Fry,Dinner,321,29.9,19.1,14.5,Keto
Chickpea Curry,Breakfast,512,21.3,15.6,6.7,High Protein
Vegan Lentil Soup,Lunch,714,20.7,18.1,29.6,Muscle Gain
Oatmeal with Berries,Snack,432,34.5,64.1,23.0,Weight Loss
Vegan Buddha Bowl,Breakfast,475,19.2,21.4,26.8,Vegan
Egg White Omelette,Lunch,737,10.5,50.9,7.0,Muscle Gain
Stuffed Bell Peppers,Breakfast,445,11.2,36.8,15.3,Vegan
Pasta Primavera,Breakfast,315,34.4,12.8,21.9,Vegan
Chickpea Curry,Lunch,689,20.1,29.7,13.7,Muscle Gain
Oatmeal with Berries,Snack,484,12.1,21.8,14.9,Vegan
Salmon and Veggies,Dinner,401,17.3,43.1,20.4,Weight Loss
Pasta Primavera,Lunch,492,29.8,60.6,19.3,High Protein
Beef Stir Fry,Breakfast,366,10.2,66.8,15.2,Vegan
Oatmeal with Berries,Snack,470,34.4,43.7,16.6,Low Carb
Stuffed Bell Peppers,Breakfast,395,20.6,15.8,23.7,Weight Loss
Quinoa Salad,Snack,385,15.7,30.8,28.2,Weight Loss
Avocado Toast,Snack,374,21.6,30.0,5.9,Keto
Fruit and Nut Mix,Lunch,308,31.4,29.1,7.6,Weight Loss
Egg White Omelette,Dinner,428,19.3,54.3,16.4,Weight Loss
Egg White Omelette,Snack,478,23.8,68.9,16.8,Balanced Diet
Quinoa Salad,Lunch,554,21.3,36.7,18.9,High Protein
Turkey Sandwich,Lunch,528,16.6,22.2,16.1,Low Carb
Chickpea Curry,Snack,347,24.7,12.7,26.1,Vegan
Tofu Stir Fry,Lunch,447,31.1,12.0,12.5,Keto
Chickpea Curry,Lunch,396,18.5,27.8,11.2,Weight Loss
Pasta Primavera,Snack,661,27.3,39.3,13.8,Balanced Diet
Shrimp Tacos,Snack,450,24.5,66.3,14.2,Balanced Diet
Pasta Primavera,Lunch,334,12.4,63.1,25.2,Keto
Grilled Chicken Salad,Snack,669,11.5,34.8,9.2,Balanced Diet
Grilled Chicken Salad,Lunch,683,21.0,50.9,29.0,Balanced Diet
Beef Stir Fry,Dinner,574,31.2,24.4,23.4,Balanced Diet
Turkey Sandwich,Snack,462,38.6,55.2,12.2,High Protein
Shrimp Tacos,Dinner,403,23.2,10.4,28.1,Balanced Diet
Oatmeal with Berries,Dinner,432,17.3,36.3,28.7,Low Carb
Oatmeal with Berries,Breakfast,421,14.3,60.4,25.1,Balanced Diet
Oatmeal with Berries,Dinner,666,21.9,50.3,28.9,Muscle Gain
Egg White Omelette,Snack,617,33.4,53.0,16.3,Muscle Gain
Beef Stir Fry,Breakfast,444,35.5,64.7,13.5,Low Carb
Pasta Primavera,Lunch,517,17.4,50.1,6.4,Vegan
Sweet Potato Bowl,Lunch,676,11.8,49.2,11.0,Low Carb
Grilled Chicken Salad,Lunch,586,30.4,54.7,28.8,Balanced Diet
Stuffed Bell Peppers,Snack,450,22.6,24.6,13.3,Balanced Diet
Fruit and Nut Mix,Dinner,405,19.2,49.3,24.8,Vegan
Fruit and Nut Mix,Breakfast,458,38.8,51.9,8.9,Vegan
Beef Stir Fry,Snack,362,37.7,65.2,23.6,Weight Loss
Avocado Toast,Snack,527,14.8,36.3,15.8,Balanced Diet
Keto Bacon Omelette,Dinner,420,11.6,10.5,25.8,Keto
Salmon and Veggies,Dinner,798,14.6,33.7,26.4,Muscle Gain
Tofu Stir Fry,Dinner,415,18.3,13.2,23.2,Weight Loss
Salmon and Veggies,Lunch,696,32.0,11.7,24.3,High Protein
Avocado Toast,Lunch,428,37.1,37.6,28.1,High Protein
Grilled Chicken Salad,Snack,437,33.7,64.8,20.8,Weight Loss
Sweet Potato Bowl,Lunch,367,30.4,33.0,13.2,Keto
Keto Bacon Omelette,Snack,443,14.4,60.5,21.8,Balanced Diet
Tofu Stir Fry,Snack,727,10.8,16.7,5.8,Muscle Gain
Salmon and Veggies,Snack,356,25.6,59.8,8.1,Weight Loss
Protein Smoothie,Dinner,419,29.8,38.9,10.1,Low Carb
Protein Smoothie,Snack,660,32.2,38.7,7.7,Balanced Diet
Tofu Stir Fry,Dinner,624,22.3,50.6,16.2,High Protein
Quinoa Salad,Breakfast,582,11.4,15.9,14.7,Balanced Diet
Chickpea Curry,Snack,656,19.5,47.6,16.2,Low Carb
Vegan Lentil Soup,Breakfast,678,23.2,15.7,25.2,Muscle Gain
Chickpea Curry,Dinner,626,33.5,64.6,16.4,High Protein
Fruit and Nut Mix,Dinner,694,23.7,28.7,9.2,Balanced Diet
Turkey Sandwich,Snack,465,16.3,30.5,8.2,Low Carb
Stuffed Bell Peppers,Dinner,699,38.9,40.5,26.1,Muscle Gain
Vegan Buddha Bowl,Snack,521,29.1,43.0,19.1,Vegan
Egg White Omelette,Lunch,428,33.1,56.6,9.9,Keto
Grilled Chicken Salad,Dinner,569,25.5,67.7,19.9,Keto
Vegan Lentil Soup,Breakfast,451,13.8,38.3,8.1,Balanced Diet
Chickpea Curry,Snack,505,20.3,14.6,29.5,Keto
Quinoa Salad,Dinner,321,27.9,51.3,21.7,Weight Loss
Beef Stir Fry,Lunch,762,31.6,19.7,19.1,Muscle Gain
Tofu Stir Fry,Snack,536,31.6,63.0,19.5,Low Carb
Shrimp Tacos,Lunch,694,30.7,17.5,17.9,Muscle Gain
Chickpea Curry,Breakfast,443,10.4,46.0,8.4,Balanced Diet
Grilled Chicken Salad,Breakfast,751,31.4,53.9,18.6,Muscle Gain
Shrimp Tacos,Dinner,446,31.6,29.1,17.3,Low Carb
Oatmeal with Berries,Lunch,507,22.9,56.1,20.0,Low Carb
Beef Stir Fry,Dinner,644,25.8,21.3,17.6,Balanced Diet
Keto Bacon Omelette,Breakfast,605,35.1,15.1,19.4,Low Carb
Quinoa Salad,Snack,680,26.0,31.7,18.5,Low Carb
Fruit and Nut Mix,Lunch,571,32.6,30.4,15.2,Keto
Salmon and Veggies,Dinner,445,28.5,47.7,17.1,Balanced Diet
Protein Smoothie,Breakfast,313,13.7,32.9,7.8,Weight Loss
Oatmeal with Berries,Breakfast,274,14.6,25.4,15.3,Weight Loss
Beef Stir Fry,Dinner,325,14.8,61.0,6.3,Vegan
Egg White Omelette,Dinner,625,24.9,65.4,26.4,Muscle Gain
Keto Bacon Omelette,Lunch,673,12.6,60.1,25.5,Muscle Gain
Beef Stir Fry,Snack,281,29.9,47.1,8.1,Weight Loss
Grilled Chicken Salad,Breakfast,572,13.4,50.9,15.1,Low Carb
Turkey Sandwich,Dinner,406,14.2,68.4,13.9,Vegan
Sweet Potato Bowl,Lunch,645,24.4,52.0,12.9,Low Carb
Grilled Chicken Salad,Dinner,489,16.7,60.7,23.1,Vegan
Grilled Chicken Salad,Snack,344,27.4,26.9,19.0,Weight Loss
Avocado Toast,Snack,665,18.1,53.1,23.8,Low Carb
Avocado Toast,Snack,665,37.5,68.8,29.8,High Protein
Tofu Stir Fry,Snack,489,30.1,34.1,16.5,Low Carb
Salmon and Veggies,Dinner,500,38.3,58.6,29.9,Low Carb
Vegan Buddha Bowl,Breakfast,346,10.2,64.5,12.2,Weight Loss
Quinoa Salad,Snack,320,38.9,25.8,6.7,Vegan
Tofu Stir Fry,Lunch,435,33.2,35.1,6.0,Vegan
Keto Bacon Omelette,Snack,534,18.1,66.0,9.3,Keto
Vegan Buddha Bowl,Snack,531,21.1,38.7,8.9,Keto
Vegan Lentil Soup,Lunch,420,19.4,23.7,13.0,Weight Loss
Shrimp Tacos,Lunch,626,16.0,14.5,11.6,High Protein
Salmon and Veggies,Breakfast,416,21.3,22.6,10.2,High Protein
Stuffed Bell Peppers,Dinner,523,38.3,36.4,13.5,High Protein
Oatmeal with Berries,Snack,629,22.4,13.2,22.2,High Protein
Oatmeal with Berries,Lunch,670,30.7,11.1,13.5,High Protein
Grilled Chicken Salad,Dinner,476,12.1,60.1,6.6,Low Carb
Keto Bacon Omelette,Dinner,455,31.8,19.0,27.0,Keto
Beef Stir Fry,Lunch,422,29.7,26.8,12.3,Balanced Diet
Pasta Primavera,Snack,449,36.0,31.1,27.2,Weight Loss
Avocado Toast,Snack,337,30.4,19.5,23.3,Vegan
Keto Bacon Omelette,Snack,416,36.1,20.1,7.7,Balanced Diet
Egg White Omelette,Lunch,500,22.9,28.5,11.9,High Protein
Quinoa Salad,Breakfast,798,19.3,57.9,15.4,Muscle Gain
Chickpea Curry,Snack,327,21.7,20.9,18.4,Weight Loss
Fruit and Nut Mix,Breakfast,327,29.0,41.3,20.5,Vegan
Shrimp Tacos,Breakfast,422,23.2,62.4,6.8,High Protein
Quinoa Salad,Snack,682,26.4,40.3,21.9,High Protein
Pasta Primavera,Dinner,595,32.7,10.8,22.0,Low Carb
Keto Bacon Omelette,Breakfast,585,13.3,68.0,16.9,Low Carb
Salmon and Veggies,Lunch,785,15.2,51.2,29.2,Muscle Gain
Turkey Sandwich,Breakfast,455,30.7,33.0,9.7,Low Carb
Quinoa Salad,Dinner,410,35.5,59.9,6.2,Vegan
Keto Bacon Omelette,Snack,583,21.4,13.7,6.2,High Protein
Avocado Toast,Lunch,470,27.0,66.9,12.6,Vegan
Pasta Primavera,Dinner,489,29.6,10.5,23.8,High Protein
Egg White Omelette,Breakfast,315,36.5,25.3,22.2,Weight Loss
Oatmeal with Berries,Snack,411,14.9,62.3,23.4,Weight Loss
Pasta Primavera,Snack,323,27.9,19.2,28.9,Vegan
Pasta Primavera,Breakfast,410,38.2,20.6,29.5,Balanced Diet
Chickpea Curry,Dinner,519,39.2,23.9,24.8,Balanced Diet
Tofu Stir Fry,Breakfast,408,11.7,52.0,18.7,Keto
Stuffed Bell Peppers,Dinner,297,29.5,51.1,28.9,Weight Loss
Salmon and Veggies,Snack,738,34.0,32.4,24.2,Muscle Gain
Vegan Lentil Soup,Dinner,634,21.4,27.3,18.8,Muscle Gain
Stuffed Bell Peppers,Lunch,409,16.6,11.6,20.3,Weight Loss
Stuffed Bell Peppers,Dinner,539,13.5,19.8,16.6,Muscle Gain
Vegan Lentil Soup,Snack,296,39.3,35.4,17.5,Weight Loss
Egg White Omelette,Breakfast,609,25.9,30.5,20.4,High Protein
Grilled Chicken Salad,Lunch,415,38.2,31.4,16.6,Keto
Sweet Potato Bowl,Lunch,308,31.9,27.3,25.0,Keto
Tofu Stir Fry,Lunch,501,15.5,15.2,12.7,High Protein
Stuffed Bell Peppers,Breakfast,252,28.6,47.7,5.7,Weight Loss
Sweet Potato Bowl,Dinner,624,12.4,26.7,27.2,High Protein
Pasta Primavera,Dinner,419,33.2,41.5,15.9,Low Carb
Chickpea Curry,Breakfast,739,27.7,18.3,29.9,Muscle Gain
Pasta Primavera,Snack,400,13.6,53.2,5.4,High Protein
Turkey Sandwich,Breakfast,645,13.5,37.5,22.9,High Protein
Quinoa Salad,Snack,518,29.3,63.5,28.9,Balanced Diet
Egg White Omelette,Lunch,504,37.9,51.2,7.9,Keto
Quinoa Salad,Breakfast,415,32.7,68.4,16.6,Weight Loss
Vegan Lentil Soup,Breakfast,682,21.6,21.1,27.9,Muscle Gain
Egg White Omelette,Dinner,589,33.0,48.2,11.5,High Protein
Turkey Sandwich,Breakfast,512,14.6,62.4,12.3,Balanced Diet
Vegan Buddha Bowl,Snack,597,18.0,53.3,5.3,Muscle Gain
Vegan Buddha Bowl,Snack,507,13.5,37.7,19.9,Vegan
Egg White Omelette,Breakfast,334,21.4,69.9,14.1,Vegan
Salmon and Veggies,Snack,509,18.2,56.2,24.7,Muscle Gain
Salmon and Veggies,Breakfast,442,25.7,55.7,27.8,Keto
Stuffed Bell Peppers,Snack,501,23.3,55.0,6.6,Vegan
Turkey Sandwich,Breakfast,757,15.1,29.9,26.4,Muscle Gain
Shrimp Tacos,Lunch,544,37.2,48.6,13.2,Keto
Salmon and Veggies,Dinner,352,15.2,42.2,22.9,Weight Loss
Vegan Buddha Bowl,Dinner,679,18.9,30.4,23.6,Balanced Diet
Vegan Buddha Bowl,Lunch,393,11.6,26.8,17.2,Weight Loss
Grilled Chicken Salad,Dinner,641,35.3,60.7,27.2,Balanced Diet
Turkey Sandwich,Breakfast,373,10.3,41.5,6.9,Weight Loss
Oatmeal with Berries,Dinner,380,28.9,17.2,18.3,Vegan
Protein Smoothie,Dinner,377,20.5,56.8,7.4,Weight Loss
Grilled Chicken Salad,Lunch,328,10.8,36.4,14.9,Weight Loss
Grilled Chicken Salad,Dinner,562,13.8,55.6,6.2,Balanced Diet
Avocado Toast,Lunch,632,19.3,48.7,18.1,Low Carb
Vegan Buddha Bowl,Breakfast,610,28.4,55.3,27.7,High Protein
Shrimp Tacos,Lunch,354,34.7,64.6,5.9,Vegan
Turkey Sandwich,Dinner,604,12.6,29.6,24.4,High Protein
Pasta Primavera,Breakfast,402,20.5,27.0,6.5,Low Carb
Egg White Omelette,Lunch,659,13.4,18.9,19.1,Low Carb
Vegan Buddha Bowl,Dinner,267,21.3,11.9,6.3,Weight Loss
Pasta Primavera,Dinner,387,21.9,19.9,8.3,Keto
Quinoa Salad,Dinner,647,13.4,50.6,17.9,Balanced Diet
Egg White Omelette,Breakfast,397,34.1,64.8,24.0,Weight Loss
Sweet Potato Bowl,Lunch,408,23.6,28.7,27.7,Weight Loss
Oatmeal with Berries,Dinner,515,29.9,11.4,24.9,Muscle Gain
Sweet Potato Bowl,Snack,481,33.4,29.8,21.8,Keto
Salmon and Veggies,Snack,512,24.9,48.1,25.8,Low Carb
Salmon and Veggies,Snack,453,39.3,58.5,15.7,Low Carb
Avocado Toast,Breakfast,656,35.7,27.4,16.4,Balanced Diet
Tofu Stir Fry,Snack,598,39.2,11.7,9.8,Muscle Gain
Vegan Lentil Soup,Breakfast,305,25.3,13.7,24.2,Vegan
Grilled Chicken Salad,Dinner,273,29.1,45.2,22.0,Weight Loss
Oatmeal with Berries,Dinner,407,22.9,55.8,18.1,Vegan
Quinoa Salad,Breakfast,632,10.1,35.5,28.1,High Protein
Beef Stir Fry,Breakfast,254,14.4,61.9,23.7,Weight Loss
Avocado Toast,Lunch,649,12.8,14.9,28.7,Muscle Gain
Chickpea Curry,Dinner,691,20.6,53.7,18.8,Low Carb
Shrimp Tacos,Dinner,460,11.4,33.6,14.9,High Protein
Vegan Lentil Soup,Snack,470,13.5,24.1,26.6,Low Carb
Vegan Lentil Soup,Lunch,478,29.1,30.9,17.7,High Protein
Keto Bacon Omelette,Breakfast,515,12.7,33.0,9.4,Muscle Gain
Greek Yogurt Parfait,Breakfast,475,18.6,47.2,29.7,Low Carb
Chickpea Curry,Snack,482,13.8,68.4,27.5,Balanced Diet
Turkey Sandwich,Snack,608,22.1,37.0,20.7,Low Carb
Vegan Buddha Bowl,Snack,312,38.8,49.9,27.9,Vegan
Salmon and Veggies,Lunch,591,23.2,18.4,22.6,Muscle Gain
Protein Smoothie,Snack,630,19.4,14.4,16.8,Low Carb
Avocado Toast,Dinner,622,33.3,30.1,10.8,Balanced Diet
Fruit and Nut Mix,Dinner,583,21.9,11.0,9.4,Muscle Gain
Protein Smoothie,Dinner,586,15.7,30.9,25.0,Muscle Gain
Chickpea Curry,Breakfast,578,37.4,64.6,16.8,Balanced Diet
Vegan Lentil Soup,Breakfast,495,35.6,34.9,25.8,Low Carb
Greek Yogurt Parfait,Dinner,535,31.4,52.7,25.4,Muscle Gain
Stuffed Bell Peppers,Dinner,658,14.7,19.1,18.9,Muscle Gain
Vegan Buddha Bowl,Snack,426,26.7,24.1,21.5,Weight Loss
Greek Yogurt Parfait,Dinner,556,11.0,18.0,29.1,Keto
Greek Yogurt Parfait,Lunch,556,34.1,31.5,26.2,Balanced Diet
Keto Bacon Omelette,Snack,563,17.7,10.8,13.0,Balanced Diet
Protein Smoothie,Snack,571,35.8,16.3,5.9,Muscle Gain
Shrimp Tacos,Lunch,561,30.1,29.1,9.7,High Protein
Sweet Potato Bowl,Snack,408,26.9,49.6,23.4,Weight Loss
Egg White Omelette,Lunch,429,39.2,37.3,21.1,Keto
Chickpea Curry,Dinner,541,26.4,32.4,14.9,High Protein
Avocado Toast,Dinner,577,30.7,27.2,14.6,High Protein
Stuffed Bell Peppers,Snack,597,19.9,32.0,24.1,High Protein
Beef Stir Fry,Lunch,466,35.1,18.8,24.6,Keto
Turkey Sandwich,Snack,755,34.5,67.6,24.4,Muscle Gain
Stuffed Bell Peppers,Dinner,471,20.1,69.9,15.7,Balanced Diet
Protein Smoothie,Lunch,575,37.2,14.9,26.0,Balanced Diet
Sweet Potato Bowl,Breakfast,345,21.2,14.5,11.1,Weight Loss
Egg White Omelette,Lunch,449,23.6,11.6,23.2,Vegan
Vegan Lentil Soup,Snack,627,36.8,43.5,10.6,Balanced Diet
Protein Smoothie,Breakfast,634,34.6,66.9,28.9,High Protein
Stuffed Bell Peppers,Breakfast,655,26.2,40.6,25.3,Muscle Gain
Greek Yogurt Parfait,Dinner,278,23.5,26.6,14.5,Weight Loss
Sweet Potato Bowl,Dinner,292,30.5,20.8,24.9,Weight Loss
Vegan Lentil Soup,Snack,565,30.9,26.7,14.0,Keto
Avocado Toast,Lunch,776,34.1,38.1,20.7,Muscle Gain
Greek Yogurt Parfait,Lunch,471,11.8,27.6,6.5,Balanced Diet
Vegan Lentil Soup,Dinner,507,21.6,37.8,22.3,High Protein
Stuffed Bell Peppers,Lunch,252,17.1,10.1,19.4,Weight Loss
Tofu Stir Fry,Snack,435,30.0,30.6,25.2,Keto
Vegan Buddha Bowl,Lunch,510,26.0,64.7,5.1,Keto
Oatmeal with Berries,Breakfast,501,33.7,36.5,17.2,Low Carb
Fruit and Nut Mix,Dinner,557,12.1,41.7,25.9,Keto
Quinoa Salad,Dinner,619,21.9,16.2,17.0,Muscle Gain
Beef Stir Fry,Dinner,555,30.7,30.9,27.9,Muscle Gain
Shrimp Tacos,Lunch,692,38.7,25.1,10.4,High Protein
Oatmeal with Berries,Snack,493,36.9,25.6,25.7,Low Carb
Tofu Stir Fry,Lunch,660,26.6,66.0,23.3,Muscle Gain
Pasta Primavera,Breakfast,302,17.6,29.6,13.6,Weight Loss
Turkey Sandwich,Dinner,755,14.8,57.8,25.6,Muscle Gain
Tofu Stir Fry,Dinner,554,37.4,19.4,21.0,High Protein
Egg White Omelette,Dinner,588,17.8,21.6,5.1,Balanced Diet
Turkey Sandwich,Breakfast,372,20.7,19.8,26.1,Keto
Stuffed Bell Peppers,Lunch,614,30.3,13.3,18.1,Muscle Gain
Quinoa Salad,Snack,677,18.8,68.2,11.2,Muscle Gain
Oatmeal with Berries,Snack,348,14.1,24.1,12.2,Weight Loss
Avocado Toast,Lunch,259,10.1,34.6,11.2,Weight Loss
Beef Stir Fry,Lunch,538,32.2,28.5,17.8,Vegan
Pasta Primavera,Dinner,632,19.3,47.8,24.9,Balanced Diet
Fruit and Nut Mix,Snack,394,24.2,69.4,25.6,Weight Loss
Quinoa Salad,Breakfast,642,24.7,44.4,12.5,Low Carb
Shrimp Tacos,Lunch,545,12.5,16.6,20.4,Vegan
Tofu Stir Fry,Breakfast,323,14.5,15.4,19.8,Keto
Pasta Primavera,Snack,610,24.2,42.0,14.0,Low Carb
Chickpea Curry,Dinner,404,29.0,35.9,19.1,Keto
Pasta Primavera,Lunch,490,22.7,32.7,27.5,High Protein
Oatmeal with Berries,Dinner,558,25.2,39.2,20.3,Balanced Diet
Stuffed Bell Peppers,Dinner,587,28.9,37.3,14.7,Low Carb
Protein Smoothie,Lunch,630,17.8,20.6,25.2,Balanced Diet
Chickpea Curry,Snack,412,21.9,64.7,29.7,Keto
Quinoa Salad,Dinner,274,20.3,18.7,24.1,Weight Loss
Protein Smoothie,Lunch,630,15.5,47.3,14.2,High Protein
Pasta Primavera,Snack,615,14.2,14.4,16.6,Low Carb
Greek Yogurt Parfait,Lunch,327,35.0,57.3,6.9,Weight Loss
Beef Stir Fry,Lunch,553,11.3,34.7,21.5,Balanced Diet
Keto Bacon Omelette,Breakfast,688,26.1,10.4,29.1,Low Carb
Pasta Primavera,Lunch,487,30.7,66.5,22.2,Vegan
Chickpea Curry,Lunch,402,39.1,67.8,21.7,Weight Loss
Quinoa Salad,Snack,340,35.2,40.1,24.3,Weight Loss
Tofu Stir Fry,Breakfast,413,35.2,20.0,14.4,Balanced Diet
Keto Bacon Omelette,Lunch,456,29.7,10.7,18.8,Vegan
Salmon and Veggies,Breakfast,412,26.7,18.1,17.8,Low Carb
Avocado Toast,Lunch,634,20.2,17.2,5.9,Balanced Diet
Tofu Stir Fry,Breakfast,480,29.0,34.9,9.9,Vegan
Pasta Primavera,Breakfast,457,24.6,54.8,19.2,Low Carb
Quinoa Salad,Snack,389,30.9,57.7,29.7,Weight Loss
Egg White Omelette,Lunch,317,17.3,56.3,28.8,Keto
Vegan Lentil Soup,Snack,475,16.6,68.9,13.2,Vegan
Keto Bacon Omelette,Snack,554,30.1,52.7,20.0,Balanced Diet
Quinoa Salad,Dinner,582,17.6,62.4,15.2,Balanced Diet
Sweet Potato Bowl,Dinner,465,18.8,55.2,19.7,High Protein
Grilled Chicken Salad,Breakfast,326,33.6,55.2,12.0,Keto
Tofu Stir Fry,Snack,335,28.2,66.1,28.8,Vegan
Oatmeal with Berries,Lunch,660,11.3,34.9,24.4,Low Carb
Grilled Chicken Salad,Dinner,493,14.7,36.1,22.1,Keto
Shrimp Tacos,Breakfast,657,19.8,49.3,13.8,High Protein
Pasta Primavera,Dinner,666,26.9,15.9,14.4,Low Carb
Stuffed Bell Peppers,Dinner,526,31.8,68.5,29.3,Keto
Shrimp Tacos,Dinner,525,30.9,65.6,15.7,Muscle Gain
Stuffed Bell Peppers,Breakfast,355,33.8,68.7,21.0,Weight Loss
Stuffed Bell Peppers,Breakfast,695,37.2,29.9,24.7,Low Carb
Pasta Primavera,Breakfast,366,29.9,21.6,6.0,Keto
Egg White Omelette,Dinner,557,32.9,40.6,23.8,Balanced Diet
Salmon and Veggies,Snack,565,14.4,43.8,5.1,Low Carb
Vegan Buddha Bowl,Dinner,324,18.3,32.6,21.6,Weight Loss
Shrimp Tacos,Dinner,683,23.6,64.6,20.1,Balanced Diet
Tofu Stir Fry,Snack,716,12.6,38.6,16.3,Muscle Gain
Pasta Primavera,Lunch,520,11.5,63.4,22.8,Low Carb
Sweet Potato Bowl,Snack,526,36.4,53.8,7.6,Keto
Sweet Potato Bowl,Dinner,316,15.8,51.1,11.2,Vegan
Egg White Omelette,Lunch,354,19.0,29.2,14.3,Keto
Keto Bacon Omelette,Snack,693,20.5,62.2,10.4,Muscle Gain
Sweet Potato Bowl,Snack,431,29.2,31.5,27.0,Weight Loss
Fruit and Nut Mix,Breakfast,508,33.1,50.1,28.8,Keto
Fruit and Nut Mix,Lunch,521,39.6,55.1,6.0,Muscle Gain
Fruit and Nut Mix,Lunch,604,36.7,21.3,18.4,High Protein
Beef Stir Fry,Lunch,449,34.3,12.9,27.1,Weight Loss
Grilled Chicken Salad,Lunch,578,11.8,21.1,9.9,Low Carb
Keto Bacon Omelette,Snack,565,12.5,23.6,16.0,Muscle Gain
Quinoa Salad,Dinner,610,31.0,61.6,21.8,High Protein
Tofu Stir Fry,Lunch,520,33.0,11.4,17.9,Keto
Salmon and Veggies,Dinner,643,37.1,18.9,14.4,High Protein
Salmon and Veggies,Lunch,487,37.5,27.2,27.5,Vegan
Egg White Omelette,Dinner,604,13.1,64.2,22.6,Muscle Gain
Beef Stir Fry,Lunch,779,31.5,40.4,29.8,Muscle Gain
Stuffed Bell Peppers,Breakfast,422,26.1,68.1,25.3,Weight Loss
Vegan Lentil Soup,Breakfast,376,27.3,24.1,22.6,Weight Loss
Shrimp Tacos,Breakfast,653,37.8,15.1,16.4,Balanced Diet
Turkey Sandwich,Snack,311,15.6,31.7,21.5,Weight Loss
Salmon and Veggies,Dinner,623,28.2,59.0,24.4,High Protein
Sweet Potato Bowl,Breakfast,415,32.1,50.3,20.3,Keto
Vegan Lentil Soup,Breakfast,527,36.6,10.4,17.7,Keto
Shrimp Tacos,Lunch,426,24.6,24.5,18.1,Low Carb
Vegan Lentil Soup,Lunch,460,13.0,66.0,27.0,Vegan
Turkey Sandwich,Lunch,383,35.5,57.7,14.7,Vegan
Tofu Stir Fry,Snack,597,22.8,25.9,9.9,High Protein
Keto Bacon Omelette,Snack,480,32.6,33.1,10.1,Keto
Avocado Toast,Breakfast,493,38.3,32.4,15.6,Balanced Diet
Grilled Chicken Salad,Lunch,676,33.4,35.7,14.0,Balanced Diet
Stuffed Bell Peppers,Snack,540,34.8,51.3,27.7,Balanced Diet
Greek Yogurt Parfait,Breakfast,285,13.4,58.8,27.4,Weight Loss
Vegan Buddha Bowl,Breakfast,314,22.7,61.7,12.1,Vegan
Pasta Primavera,Lunch,312,35.7,56.0,20.2,Vegan
Vegan Buddha Bowl,Snack,482,26.0,52.0,29.3,Low Carb
Avocado Toast,Breakfast,542,15.2,12.1,15.0,Keto
Stuffed Bell Peppers,Lunch,252,26.6,59.6,17.1,Weight Loss
Oatmeal with Berries,Lunch,357,24.0,55.4,10.5,Keto
Sweet Potato Bowl,Dinner,481,24.5,17.3,21.4,Keto
Vegan Buddha Bowl,Snack,414,13.6,46.9,9.6,Keto
Salmon and Veggies,Breakfast,634,39.8,43.5,8.4,High Protein
Protein Smoothie,Lunch,497,15.9,24.4,26.5,High Protein
Tofu Stir Fry,Lunch,570,15.8,25.5,7.4,Muscle Gain
Egg White Omelette,Lunch,417,19.6,26.0,7.4,High Protein
Egg White Omelette,Dinner,602,27.9,42.5,20.8,Balanced Diet
Greek Yogurt Parfait,Dinner,580,30.6,43.8,28.3,Low Carb
Vegan Buddha Bowl,Dinner,435,17.7,14.8,15.6,High Protein
Grilled Chicken Salad,Snack,532,23.0,44.7,9.4,Muscle Gain
Shrimp Tacos,Snack,479,18.2,33.6,22.0,High Protein
Pasta Primavera,Snack,693,11.0,57.7,26.9,Balanced Diet
Vegan Buddha Bowl,Dinner,533,21.1,29.9,26.6,Muscle Gain
Quinoa Salad,Dinner,262,14.4,16.0,11.3,Weight Loss
Fruit and Nut Mix,Dinner,700,23.9,18.1,15.9,Muscle Gain
Grilled Chicken Salad,Lunch,561,17.9,30.2,27.6,High Protein
Pasta Primavera,Snack,483,34.6,14.4,7.7,Vegan
Stuffed Bell Peppers,Dinner,254,23.1,15.4,20.2,Weight Loss
Keto Bacon Omelette,Lunch,348,37.4,11.7,23.0,Keto
Egg White Omelette,Lunch,620,34.6,66.1,28.7,Muscle Gain
Quinoa Salad,Lunch,536,33.8,36.6,24.0,Keto
Turkey Sandwich,Lunch,694,27.1,23.1,15.9,High Protein
Chickpea Curry,Dinner,467,37.4,46.3,27.5,Balanced Diet
Keto Bacon Omelette,Snack,369,35.8,47.4,14.6,Weight Loss
Grilled Chicken Salad,Dinner,708,25.8,15.6,14.8,Muscle Gain
Sweet Potato Bowl,Lunch,300,17.3,16.3,6.6,Weight Loss
Shrimp Tacos,Breakfast,550,21.6,23.8,29.8,Muscle Gain
Vegan Buddha Bowl,Dinner,484,27.7,44.2,23.5,High Protein
Sweet Potato Bowl,Lunch,332,19.6,55.3,25.6,Weight Loss
Stuffed Bell Peppers,Lunch,484,29.2,48.3,11.8,Keto
Turkey Sandwich,Dinner,430,36.6,18.4,27.3,Weight Loss
Sweet Potato Bowl,Breakfast,563,22.0,15.6,10.4,Balanced Diet
Avocado Toast,Breakfast,711,14.9,18.5,24.4,Muscle Gain
Tofu Stir Fry,Breakfast,469,27.3,29.8,23.3,Keto
Grilled Chicken Salad,Breakfast,267,17.6,16.0,29.7,Weight Loss
Tofu Stir Fry,Breakfast,524,27.8,47.4,12.6,Vegan
Vegan Lentil Soup,Snack,345,10.7,44.6,24.2,Vegan
Keto Bacon Omelette,Dinner,575,11.4,26.9,15.8,High Protein
Salmon and Veggies,Dinner,434,14.3,57.9,17.8,High Protein
Oatmeal with Berries,Lunch,586,11.1,34.5,14.4,Balanced Diet
Greek Yogurt Parfait,Dinner,687,18.1,48.4,5.7,Balanced Diet
Vegan Buddha Bowl,Snack,414,20.3,47.8,12.8,Keto
Salmon and Veggies,Breakfast,498,35.1,29.8,8.9,Low Carb
Oatmeal with Berries,Dinner,536,33.1,60.2,6.0,Keto
Quinoa Salad,Snack,324,33.6,23.2,12.2,Vegan
Pasta Primavera,Dinner,585,37.5,44.9,28.9,Keto
Oatmeal with Berries,Snack,299,10.9,23.4,29.3,Weight Loss
Shrimp Tacos,Lunch,433,23.6,66.9,14.1,Vegan
Greek Yogurt Parfait,Dinner,576,17.2,61.0,17.2,Balanced Diet
Fruit and Nut Mix,Breakfast,427,10.5,41.5,19.8,High Protein
Beef Stir Fry,Lunch,490,22.2,35.2,26.3,Low Carb
Quinoa Salad,Breakfast,626,34.8,61.3,6.5,High Protein
Vegan Buddha Bowl,Snack,699,29.4,21.6,17.2,Balanced Diet
Vegan Buddha Bowl,Lunch,507,21.8,43.3,19.9,Muscle Gain
Fruit and Nut Mix,Breakfast,764,25.6,19.3,24.2,Muscle Gain
Turkey Sandwich,Breakfast,463,19.2,59.1,9.6,Balanced Diet
Pasta Primavera,Lunch,454,21.2,27.2,19.2,Low Carb
Egg White Omelette,Lunch,452,37.8,33.2,17.4,Balanced Diet
Sweet Potato Bowl,Breakfast,519,31.6,34.0,25.4,Muscle Gain
Vegan Lentil Soup,Dinner,321,15.5,13.6,14.6,Weight Loss
Shrimp Tacos,Breakfast,456,20.8,56.9,26.4,Vegan
Stuffed Bell Peppers,Lunch,505,16.4,56.9,14.7,High Protein
Sweet Potato Bowl,Breakfast,250,16.7,68.4,28.3,Weight Loss
Turkey Sandwich,Lunch,481,38.8,29.5,22.4,Low Carb
Keto Bacon Omelette,Dinner,504,23.4,35.3,14.5,Vegan
Turkey Sandwich,Snack,565,29.3,61.4,5.8,Balanced Diet
Avocado Toast,Lunch,570,25.4,13.2,6.4,High Protein
Quinoa Salad,Breakfast,504,20.4,27.2,26.5,Balanced Diet
Chickpea Curry,Snack,278,10.5,39.9,17.9,Weight Loss
Beef Stir Fry,Dinner,601,17.7,48.1,15.4,Muscle Gain
Tofu Stir Fry,Lunch,796,12.4,30.9,9.6,Muscle Gain
Quinoa Salad,Lunch,623,22.4,67.8,18.7,Muscle Gain
Tofu Stir Fry,Snack,405,39.0,48.4,6.6,Low Carb
Grilled Chicken Salad,Dinner,483,27.6,58.7,17.6,Low Carb
Vegan Lentil Soup,Breakfast,692,34.8,13.1,7.5,Low Carb
Egg White Omelette,Breakfast,505,12.0,38.2,8.3,Keto
Keto Bacon Omelette,Lunch,604,30.6,61.7,29.7,High Protein
Beef Stir Fry,Snack,506,35.2,42.4,11.3,Vegan
Stuffed Bell Peppers,Snack,491,12.5,13.4,24.9,Keto
Vegan Buddha Bowl,Breakfast,336,14.1,41.1,17.7,Keto
Oatmeal with Berries,Lunch,250,12.2,18.1,27.0,Weight Loss
Pasta Primavera,Dinner,582,28.9,55.5,28.2,Low Carb
Pasta Primavera,Snack,573,37.4,65.7,17.5,High Protein
Avocado Toast,Snack,449,10.6,12.3,16.6,Balanced Diet
Quinoa Salad,Lunch,654,16.8,12.6,27.1,Muscle Gain
Quinoa Salad,Breakfast,483,11.9,67.5,20.1,Keto
Keto Bacon Omelette,Snack,491,33.0,67.7,10.2,Vegan
Oatmeal with Berries,Breakfast,374,30.6,35.1,15.6,Weight Loss
Chickpea Curry,Dinner,546,19.3,32.0,20.4,Balanced Diet
Beef Stir Fry,Lunch,624,20.3,47.7,23.7,High Protein
Greek Yogurt Parfait,Dinner,656,17.3,39.6,26.3,Muscle Gain
Oatmeal with Berries,Breakfast,533,12.9,30.4,19.3,Balanced Diet
Fruit and Nut Mix,Lunch,578,24.3,59.3,23.5,Low Carb
Salmon and Veggies,Lunch,687,23.8,52.8,21.9,Muscle Gain
Quinoa Salad,Dinner,409,24.6,33.6,21.5,Balanced Diet
Quinoa Salad,Breakfast,314,31.0,65.9,26.3,Weight Loss
Beef Stir Fry,Snack,256,12.3,60.6,18.0,Weight Loss
Vegan Buddha Bowl,Dinner,637,30.6,44.8,6.6,Muscle Gain
Salmon and Veggies,Snack,562,28.2,49.8,13.9,Balanced Diet
Chickpea Curry,Breakfast,462,23.2,58.3,21.5,Balanced Diet
Stuffed Bell Peppers,Snack,422,24.9,17.2,24.9,High Protein
Vegan Lentil Soup,Breakfast,673,28.4,68.1,11.2,High Protein
Vegan Lentil Soup,Dinner,593,25.6,48.7,8.0,Balanced Diet
Greek Yogurt Parfait,Breakfast,423,21.7,46.2,20.2,Keto
Oatmeal with Berries,Snack,602,27.8,67.0,7.4,Muscle Gain
Stuffed Bell Peppers,Lunch,406,26.1,52.1,28.0,High Protein
Vegan Buddha Bowl,Dinner,444,39.4,23.6,28.7,Keto
Pasta Primavera,Snack,357,30.4,29.4,15.0,Weight Loss
Salmon and Veggies,Dinner,512,35.1,48.2,24.0,Vegan
Sweet Potato Bowl,Dinner,518,26.6,68.8,18.4,High Protein
Shrimp Tacos,Snack,463,11.8,46.1,29.4,Keto
Vegan Buddha Bowl,Dinner,334,34.6,35.2,25.9,Vegan
Grilled Chicken Salad,Lunch,349,21.9,36.2,28.0,Vegan
Protein Smoothie,Snack,677,25.6,66.4,17.4,Muscle Gain
Chickpea Curry,Dinner,592,15.3,69.8,8.0,Muscle Gain
Oatmeal with Berries,Dinner,413,39.3,22.5,22.2,Weight Loss
Tofu Stir Fry,Snack,693,17.0,10.3,16.5,Muscle Gain
Vegan Buddha Bowl,Lunch,274,14.5,23.5,16.6,Weight Loss
Fruit and Nut Mix,Breakfast,555,36.8,30.0,17.5,High Protein
Stuffed Bell Peppers,Breakfast,361,35.8,18.9,13.8,Vegan
Egg White Omelette,Lunch,495,36.9,45.8,15.6,Low Carb
Quinoa Salad,Lunch,271,35.9,20.2,25.0,Weight Loss
Pasta Primavera,Breakfast,543,23.9,28.9,18.9,Muscle Gain
Egg White Omelette,Lunch,593,38.5,27.1,13.3,Low Carb
Grilled Chicken Salad,Lunch,512,11.9,69.9,13.5,High Protein
Tofu Stir Fry,Breakfast,398,10.1,11.4,18.9,Keto
Avocado Toast,Breakfast,603,22.3,33.7,5.2,High Protein
Grilled Chicken Salad,Snack,478,28.0,52.7,22.4,Vegan
Keto Bacon Omelette,Lunch,461,31.8,20.7,21.6,High Protein
Greek Yogurt Parfait,Lunch,589,37.5,44.4,19.0,Low Carb
Beef Stir Fry,Snack,527,28.2,61.7,25.1,Keto
Turkey Sandwich,Dinner,384,17.5,16.3,9.6,Weight Loss
Avocado Toast,Snack,617,37.6,19.1,21.3,High Protein
Stuffed Bell Peppers,Lunch,455,21.4,53.9,6.5,Balanced Diet
Keto Bacon Omelette,Lunch,539,37.6,14.2,29.1,Vegan
Turkey Sandwich,Snack,363,28.1,22.1,7.5,Weight Loss
Protein Smoothie,Breakfast,695,25.5,47.1,13.3,Balanced Diet
Protein Smoothie,Dinner,438,21.1,30.8,17.4,Weight Loss
Salmon and Veggies,Snack,266,33.8,64.3,11.9,Weight Loss
Protein Smoothie,Breakfast,698,28.2,62.7,19.2,Muscle Gain
Beef Stir Fry,Snack,557,28.4,14.5,23.0,Keto
Grilled Chicken Salad,Dinner,463,10.9,47.9,17.0,Vegan
Quinoa Salad,Snack,439,16.2,38.0,16.3,Keto
Shrimp Tacos,Lunch,504,26.2,32.7,19.8,Low Carb
Vegan Buddha Bowl,Lunch,689,33.5,27.6,30.0,Low Carb
Avocado Toast,Snack,687,32.3,17.5,25.1,Muscle Gain
Tofu Stir Fry,Breakfast,457,24.1,22.6,24.2,High Protein
Beef Stir Fry,Dinner,444,29.3,17.0,13.1,Keto
Tofu Stir Fry,Snack,714,35.9,34.3,23.0,Muscle Gain
Egg White Omelette,Breakfast,393,14.5,48.6,18.2,Weight Loss
Pasta Primavera,Breakfast,507,36.4,69.4,9.0,Keto
Greek Yogurt Parfait,Snack,635,33.6,35.8,21.0,Low Carb
Shrimp Tacos,Dinner,642,30.9,67.5,17.7,High Protein
Pasta Primavera,Dinner,536,13.0,28.4,12.4,Keto
Salmon and Veggies,Lunch,308,20.2,26.5,27.9,Weight Loss
Egg White Omelette,Lunch,692,31.6,18.6,5.4,Balanced Diet
Vegan Buddha Bowl,Dinner,785,29.1,59.1,20.0,Muscle Gain
Turkey Sandwich,Breakfast,667,35.3,44.4,19.5,Balanced Diet
Tofu Stir Fry,Snack,281,13.8,18.4,12.3,Weight Loss
Fruit and Nut Mix,Lunch,659,25.9,37.8,25.8,Low Carb
Pasta Primavera,Breakfast,545,19.0,24.2,6.2,Keto
Vegan Lentil Soup,Snack,412,39.3,42.4,6.8,Balanced Diet
Greek Yogurt Parfait,Breakfast,296,16.8,29.6,17.4,Weight Loss
Protein Smoothie,Breakfast,365,13.1,53.1,6.7,Weight Loss
Beef Stir Fry,Snack,448,34.2,30.3,17.1,Weight Loss
Tofu Stir Fry,Breakfast,272,20.0,49.4,12.6,Weight Loss
Fruit and Nut Mix,Dinner,430,20.3,42.4,11.8,Weight Loss
Vegan Buddha Bowl,Lunch,621,27.7,68.1,23.7,Muscle Gain
Shrimp Tacos,Snack,320,31.6,61.6,8.9,Vegan
Pasta Primavera,Lunch,685,10.6,23.3,20.0,Balanced Diet
Egg White Omelette,Dinner,768,19.5,64.7,10.7,Muscle Gain
Tofu Stir Fry,Breakfast,737,17.2,24.4,12.9,Muscle Gain
Egg White Omelette,Breakfast,681,31.2,25.5,29.4,Muscle Gain
Protein Smoothie,Breakfast,470,27.5,11.6,14.6,Balanced Diet
Vegan Lentil Soup,Dinner,422,37.0,42.2,13.9,Vegan
Oatmeal with Berries,Breakfast,404,15.9,43.7,11.1,High Protein
Sweet Potato Bowl,Dinner,607,27.7,56.8,6.6,Muscle Gain
Quinoa Salad,Lunch,455,23.9,59.7,22.2,Low Carb
Quinoa Salad,Dinner,426,32.0,30.4,20.2,High Protein
Keto Bacon Omelette,Lunch,496,24.3,36.0,15.4,High Protein
Egg White Omelette,Snack,718,17.7,16.0,17.6,Muscle Gain
Grilled Chicken Salad,Snack,729,11.8,40.2,10.4,Muscle Gain
Vegan Buddha Bowl,Lunch,317,30.3,62.5,12.6,Weight Loss
Pasta Primavera,Breakfast,318,37.2,21.8,17.6,Keto
Vegan Buddha Bowl,Snack,582,26.0,27.4,28.3,Balanced Diet
Shrimp Tacos,Breakfast,585,30.4,21.5,21.8,Keto
Oatmeal with Berries,Breakfast,718,17.8,21.6,14.3,Muscle Gain
Grilled Chicken Salad,Lunch,365,33.9,38.1,14.2,Weight Loss
Grilled Chicken Salad,Breakfast,553,27.8,41.6,27.4,Balanced Diet
Oatmeal with Berries,Breakfast,515,20.0,30.9,26.3,High Protein
Beef Stir Fry,Snack,668,21.1,30.3,17.6,High Protein
Avocado Toast,Lunch,540,21.5,48.4,16.1,Low Carb
Oatmeal with Berries,Snack,546,34.2,43.3,15.2,Low Carb
Grilled Chicken Salad,Lunch,473,15.3,63.0,22.9,Keto
Egg White Omelette,Snack,388,14.6,27.7,29.7,Vegan
Protein Smoothie,Lunch,521,36.1,31.6,11.4,Low Carb
Avocado Toast,Snack,684,20.5,46.0,13.3,Balanced Diet
Grilled Chicken Salad,Lunch,446,33.9,28.3,5.9,Low Carb
Egg White Omelette,Lunch,526,27.5,27.5,21.5,Muscle Gain
Egg White Omelette,Breakfast,573,30.5,52.6,21.5,Muscle Gain
Keto Bacon Omelette,Dinner,453,21.8,48.7,19.4,Low Carb
Chickpea Curry,Breakfast,574,33.9,21.7,26.9,High Protein
Keto Bacon Omelette,Breakfast,501,13.0,47.5,28.0,High Protein
Fruit and Nut Mix,Lunch,320,17.9,33.8,23.1,Vegan
Oatmeal with Berries,Snack,635,36.5,19.4,9.8,High Protein
Vegan Buddha Bowl,Dinner,470,27.1,52.8,14.6,Low Carb
Beef Stir Fry,Lunch,504,14.1,11.1,20.9,High Protein
Salmon and Veggies,Lunch,267,36.4,28.2,19.9,Weight Loss
Egg White Omelette,Breakfast,663,14.1,39.9,25.3,Low Carb
Shrimp Tacos,Breakfast,525,17.0,56.8,26.2,Muscle Gain
Grilled Chicken Salad,Lunch,779,23.3,64.6,15.0,Muscle Gain
Stuffed Bell Peppers,Lunch,503,36.5,31.4,21.8,Keto
Fruit and Nut Mix,Snack,678,27.3,53.0,15.6,Low Carb
Egg White Omelette,Breakfast,542,28.2,40.5,23.5,Balanced Diet
Protein Smoothie,Dinner,426,21.8,33.1,7.9,High Protein
Greek Yogurt Parfait,Breakfast,415,22.3,32.4,28.4,High Protein
Shrimp Tacos,Dinner,326,19.2,25.8,5.4,Keto
Vegan Lentil Soup,Snack,502,15.6,30.2,22.5,Vegan
Vegan Lentil Soup,Lunch,490,39.9,41.0,15.6,Vegan
Beef Stir Fry,Lunch,461,14.7,21.5,22.7,Balanced Diet
Avocado Toast,Breakfast,372,34.5,11.8,12.5,Vegan
Oatmeal with Berries,Lunch,422,20.3,35.2,24.3,Weight Loss
Sweet Potato Bowl,Snack,528,10.3,52.2,6.5,Muscle Gain
Pasta Primavera,Snack,582,24.0,17.3,21.7,Low Carb
Turkey Sandwich,Lunch,421,16.4,37.4,16.6,Keto
Egg White Omelette,Lunch,431,17.5,36.5,25.6,Balanced Diet
Egg White Omelette,Dinner,493,14.8,65.2,22.7,Keto
Avocado Toast,Dinner,666,28.7,46.8,7.2,Muscle Gain
Turkey Sandwich,Lunch,489,24.9,46.0,27.6,Low Carb
Chickpea Curry,Snack,496,15.3,22.1,21.1,Keto
Fruit and Nut Mix,Breakfast,358,22.6,31.6,16.2,Vegan
Beef Stir Fry,Lunch,428,11.7,12.7,8.2,Vegan
Vegan Buddha Bowl,Lunch,358,12.1,19.5,26.1,Keto
Shrimp Tacos,Snack,409,32.4,33.7,16.0,Weight Loss
Vegan Buddha Bowl,Dinner,476,31.9,58.7,20.6,Keto
Fruit and Nut Mix,Dinner,504,24.3,66.8,11.7,Vegan
Beef Stir Fry,Dinner,541,23.1,32.3,15.9,High Protein
Tofu Stir Fry,Snack,469,12.5,43.5,25.5,Vegan
Quinoa Salad,Lunch,520,25.5,27.1,29.1,Low Carb
Pasta Primavera,Dinner,561,34.2,21.1,6.3,Low Carb
Vegan Buddha Bowl,Snack,586,15.5,68.8,17.6,High Protein
Quinoa Salad,Dinner,449,38.1,49.9,20.8,High Protein
Fruit and Nut Mix,Snack,511,26.6,11.4,29.5,Low Carb
Vegan Lentil Soup,Breakfast,621,36.8,10.1,25.5,Low Carb
Chickpea Curry,Snack,687,12.2,37.5,16.6,Balanced Diet
Quinoa Salad,Breakfast,696,16.1,68.2,29.7,Low Carb
Chickpea Curry,Dinner,530,17.1,28.1,10.8,High Protein
Oatmeal with Berries,Breakfast,497,26.6,55.0,17.0,Low Carb
Keto Bacon Omelette,Snack,469,21.0,26.7,19.4,Low Carb
Vegan Buddha Bowl,Lunch,433,31.7,69.1,8.0,Weight Loss
Stuffed Bell Peppers,Snack,520,28.1,14.6,18.0,Vegan
Vegan Buddha Bowl,Snack,538,34.9,13.6,20.9,Vegan
Beef Stir Fry,Lunch,641,22.4,18.4,26.7,Low Carb
Sweet Potato Bowl,Dinner,720,15.4,33.4,24.1,Muscle Gain
Egg White Omelette,Breakfast,649,17.5,39.6,27.4,Muscle Gain
Vegan Buddha Bowl,Dinner,795,22.0,50.0,23.4,Muscle Gain
Salmon and Veggies,Breakfast,536,38.5,48.2,29.3,Low Carb
Oatmeal with Berries,Snack,514,14.6,58.7,18.8,Low Carb
Shrimp Tacos,Breakfast,313,24.2,28.0,6.2,Weight Loss
Turkey Sandwich,Dinner,448,30.5,11.2,17.8,Vegan
Salmon and Veggies,Dinner,755,12.6,67.0,22.6,Muscle Gain
Quinoa Salad,Snack,449,13.2,55.1,6.9,Balanced Diet
Tofu Stir Fry,Dinner,286,34.8,48.0,28.2,Weight Loss
Vegan Lentil Soup,Breakfast,360,16.1,41.0,21.4,Weight Loss
Protein Smoothie,Breakfast,329,21.8,21.3,18.7,Weight Loss
Chickpea Curry,Lunch,781,36.9,65.3,18.5,Muscle Gain
Beef Stir Fry,Breakfast,537,21.8,53.2,29.1,Keto
Tofu Stir Fry,Snack,393,12.9,66.2,17.7,Weight Loss
Keto Bacon Omelette,Dinner,674,32.0,44.1,24.1,High Protein
Vegan Lentil Soup,Lunch,578,11.8,42.3,20.5,High Protein
Oatmeal with Berries,Snack,701,39.2,35.6,11.9,Muscle Gain
Shrimp Tacos,Dinner,348,19.0,28.6,7.4,Vegan
Chickpea Curry,Lunch,665,19.0,30.1,27.7,Balanced Diet
Vegan Buddha Bowl,Breakfast,595,33.2,37.7,10.9,Muscle Gain
Salmon and Veggies,Dinner,384,19.2,36.5,10.2,Vegan
Tofu Stir Fry,Lunch,577,21.0,63.4,15.0,Balanced Diet
Sweet Potato Bowl,Snack,512,32.5,55.0,12.5,Low Carb
Greek Yogurt Parfait,Lunch,408,19.5,15.7,14.2,Vegan
Vegan Lentil Soup,Lunch,432,29.3,26.1,29.4,Balanced Diet
Stuffed Bell Peppers,Breakfast,581,26.5,33.4,28.0,Low Carb
Beef Stir Fry,Snack,419,13.5,20.2,15.8,Keto
Tofu Stir Fry,Snack,569,21.8,15.5,26.1,Muscle Gain
Shrimp Tacos,Lunch,694,39.0,58.2,15.6,High Protein
Turkey Sandwich,Lunch,529,25.8,46.8,29.3,Vegan
Egg White Omelette,Lunch,680,30.4,15.8,6.5,Low Carb
Greek Yogurt Parfait,Lunch,524,22.6,62.0,24.8,Vegan
Egg White Omelette,Dinner,545,21.1,41.5,5.1,Keto
Egg White Omelette,Dinner,418,14.1,37.7,19.6,Weight Loss
Avocado Toast,Lunch,279,11.9,52.6,20.9,Weight Loss
Vegan Lentil Soup,Dinner,268,37.5,20.2,25.9,Weight Loss
Greek Yogurt Parfait,Snack,446,17.8,63.6,22.4,Vegan
Chickpea Curry,Snack,533,11.6,14.4,28.2,Keto
Fruit and Nut Mix,Dinner,410,11.2,43.9,25.8,Low Carb
Pasta Primavera,Breakfast,472,18.0,50.3,7.7,Keto
Sweet Potato Bowl,Snack,444,16.9,37.4,18.4,Weight Loss
Vegan Lentil Soup,Breakfast,344,35.7,19.4,10.6,Vegan
Vegan Lentil Soup,Lunch,535,28.1,45.1,21.8,High Protein
Stuffed Bell Peppers,Lunch,668,26.6,36.0,5.1,High Protein
Tofu Stir Fry,Lunch,303,34.8,40.7,26.7,Vegan
Tofu Stir Fry,Lunch,331,21.9,20.5,8.1,Weight Loss
Oatmeal with Berries,Snack,488,12.6,15.4,6.8,Low Carb
Chickpea Curry,Lunch,462,24.7,68.1,14.9,Keto
Greek Yogurt Parfait,Snack,361,16.3,64.2,8.3,Weight Loss
Stuffed Bell Peppers,Dinner,516,39.9,24.8,19.1,Keto
Turkey Sandwich,Snack,439,15.3,37.2,19.8,Weight Loss
Fruit and Nut Mix,Lunch,429,19.4,32.9,23.1,Low Carb
Beef Stir Fry,Dinner,617,20.8,62.3,28.4,Balanced Diet
Stuffed Bell Peppers,Snack,668,20.2,59.7,15.4,Low Carb
Greek Yogurt Parfait,Lunch,525,24.2,46.9,8.1,Vegan
Greek Yogurt Parfait,Dinner,652,21.0,50.7,16.6,Balanced Diet
Tofu Stir Fry,Dinner,414,15.7,49.1,14.9,High Protein
Greek Yogurt Parfait,Breakfast,590,39.8,24.0,19.3,Muscle Gain
Greek Yogurt Parfait,Breakfast,389,14.8,36.2,26.8,Weight Loss
Vegan Buddha Bowl,Dinner,663,26.6,58.6,7.6,Balanced Diet
Oatmeal with Berries,Dinner,444,24.2,38.1,14.8,Vegan
Shrimp Tacos,Breakfast,348,18.0,13.7,28.1,Keto
Avocado Toast,Snack,443,17.8,34.9,11.8,Keto
Vegan Buddha Bowl,Snack,669,24.3,43.8,25.4,Muscle Gain
Shrimp Tacos,Breakfast,441,33.8,36.0,23.0,Vegan
Sweet Potato Bowl,Breakfast,560,17.3,58.6,7.6,Keto
Quinoa Salad,Dinner,732,10.7,43.0,7.1,Muscle Gain
Stuffed Bell Peppers,Snack,447,24.4,38.4,27.5,Low Carb
Beef Stir Fry,Breakfast,410,15.0,25.1,22.0,Weight Loss
Greek Yogurt Parfait,Dinner,415,31.5,22.6,12.9,Vegan
Shrimp Tacos,Breakfast,770,14.5,48.1,19.5,Muscle Gain
Sweet Potato Bowl,Breakfast,519,34.4,38.8,11.5,Muscle Gain
Turkey Sandwich,Breakfast,788,35.7,37.1,12.3,Muscle Gain
Tofu Stir Fry,Lunch,424,25.2,16.7,10.9,Weight Loss
Avocado Toast,Snack,459,27.7,20.8,19.8,Vegan
Protein Smoothie,Lunch,543,16.9,39.9,26.0,High Protein
Vegan Lentil Soup,Snack,533,13.2,55.0,7.5,Balanced Diet
Salmon and Veggies,Dinner,425,24.6,19.9,17.6,Weight Loss
Grilled Chicken Salad,Dinner,494,34.5,21.4,14.0,Keto
Grilled Chicken Salad,Dinner,594,32.5,22.7,29.3,Keto
Egg White Omelette,Dinner,537,23.0,69.4,28.8,Muscle Gain
Protein Smoothie,Snack,502,37.5,25.1,12.1,Vegan
Fruit and Nut Mix,Lunch,400,23.8,27.3,25.4,Weight Loss
Egg White Omelette,Lunch,446,37.2,50.6,14.5,Low Carb
Pasta Primavera,Lunch,376,16.1,20.4,22.2,Keto
Quinoa Salad,Lunch,317,27.8,35.5,11.3,Vegan
Sweet Potato Bowl,Snack,320,10.1,33.0,9.3,Weight Loss
Shrimp Tacos,Lunch,385,30.2,65.7,24.1,Weight Loss
Protein Smoothie,Dinner,600,25.6,17.0,22.4,Balanced Diet
Greek Yogurt Parfait,Lunch,513,36.6,54.2,22.9,High Protein
Beef Stir Fry,Snack,453,34.2,13.2,21.0,High Protein
Vegan Lentil Soup,Dinner,572,23.0,27.4,5.8,Low Carb
Sweet Potato Bowl,Breakfast,798,28.8,31.8,8.6,Muscle Gain
Fruit and Nut Mix,Dinner,561,35.0,41.6,16.3,High Protein
Stuffed Bell Peppers,Snack,481,34.4,31.3,11.4,Low Carb
Vegan Buddha Bowl,Lunch,633,31.3,27.4,27.7,High Protein
Grilled Chicken Salad,Dinner,773,26.2,13.6,19.8,Muscle Gain
Keto Bacon Omelette,Snack,449,19.1,67.0,28.0,Vegan
Vegan Buddha Bowl,Lunch,605,14.5,69.5,13.4,Muscle Gain
Quinoa Salad,Snack,450,28.9,35.4,18.7,Low Carb
Protein Smoothie,Lunch,333,17.4,43.4,19.7,Weight Loss
Egg White Omelette,Lunch,566,28.3,43.1,8.2,Keto
Grilled Chicken Salad,Dinner,618,18.8,28.7,6.8,High Protein
Stuffed Bell Peppers,Lunch,631,33.8,34.1,15.8,Low Carb
Beef Stir Fry,Breakfast,332,11.2,16.0,21.1,Vegan
Tofu Stir Fry,Lunch,643,34.3,19.8,28.3,High Protein
Greek Yogurt Parfait,Breakfast,276,10.3,40.9,20.8,Weight Loss
Chickpea Curry,Lunch,385,28.5,65.5,12.2,Vegan
Tofu Stir Fry,Lunch,395,23.6,49.3,17.6,Weight Loss
Egg White Omelette,Snack,762,18.8,49.1,18.9,Muscle Gain
Oatmeal with Berries,Dinner,444,26.2,35.6,23.9,Balanced Diet
Turkey Sandwich,Breakfast,649,35.3,56.7,22.9,High Protein
Salmon and Veggies,Snack,561,17.2,66.5,7.4,High Protein
Beef Stir Fry,Dinner,369,23.8,28.7,18.9,Vegan
Sweet Potato Bowl,Dinner,591,10.8,57.8,15.2,Keto
Fruit and Nut Mix,Lunch,683,21.1,65.1,6.5,Muscle Gain
Pasta Primavera,Breakfast,310,37.6,17.8,18.7,Vegan
Tofu Stir Fry,Breakfast,634,39.1,14.1,5.7,Muscle Gain
Vegan Lentil Soup,Lunch,311,27.5,38.6,27.2,Keto
Quinoa Salad,Breakfast,375,30.6,48.3,29.8,Vegan
Sweet Potato Bowl,Breakfast,667,22.8,11.0,8.7,Muscle Gain
Pasta Primavera,Breakfast,381,24.9,15.4,19.7,Weight Loss
Fruit and Nut Mix,Dinner,313,20.3,58.2,18.8,Weight Loss
Vegan Lentil Soup,Breakfast,430,34.9,25.1,12.7,High Protein
Oatmeal with Berries,Snack,645,23.7,17.2,20.9,Low Carb
Beef Stir Fry,Lunch,411,32.6,69.7,9.4,Vegan
Avocado Toast,Dinner,693,14.7,62.4,16.8,Muscle Gain
Beef Stir Fry,Dinner,460,12.7,63.1,12.3,Keto
Grilled Chicken Salad,Breakfast,663,29.1,68.5,7.6,Muscle Gain
Turkey Sandwich,Breakfast,697,14.2,69.2,17.7,Muscle Gain
Shrimp Tacos,Lunch,457,28.0,51.6,8.0,Keto
Quinoa Salad,Snack,588,26.2,15.6,28.7,High Protein
Oatmeal with Berries,Snack,537,28.9,30.9,16.1,Low Carb
Quinoa Salad,Snack,460,22.0,56.8,8.8,High Protein
Protein Smoothie,Dinner,649,24.4,36.9,8.4,Muscle Gain
Protein Smoothie,Breakfast,510,29.4,27.7,25.4,Vegan
Pasta Primavera,Dinner,358,38.9,19.6,19.6,Weight Loss
Grilled Chicken Salad,Dinner,501,12.7,11.5,24.5,Muscle Gain
Greek Yogurt Parfait,Snack,413,24.4,59.2,19.3,Weight Loss
Oatmeal with Berries,Breakfast,336,16.7,29.6,21.6,Keto
Beef Stir Fry,Lunch,495,33.0,13.2,17.7,Low Carb
Oatmeal with Berries,Dinner,495,17.6,30.7,16.4,Vegan
Tofu Stir Fry,Snack,305,28.5,12.8,12.8,Keto
Oatmeal with Berries,Lunch,547,39.0,60.3,14.0,Low Carb
Vegan Buddha Bowl,Dinner,528,16.4,57.5,25.9,Vegan
Turkey Sandwich,Lunch,329,32.2,64.7,22.9,Weight Loss
Beef Stir Fry,Breakfast,448,29.4,68.6,14.1,Keto
Sweet Potato Bowl,Dinner,670,23.1,43.7,23.4,High Protein
Sweet Potato Bowl,Dinner,607,25.7,18.8,16.4,Low Carb
Turkey Sandwich,Snack,640,24.9,16.4,25.9,Low Carb
Shrimp Tacos,Lunch,440,24.3,31.7,20.1,High Protein
Avocado Toast,Snack,436,18.1,37.8,28.3,Keto
Quinoa Salad,Breakfast,644,21.5,45.3,8.8,High Protein
Grilled Chicken Salad,Dinner,521,30.2,17.7,16.9,High Protein
Grilled Chicken Salad,Dinner,295,26.6,66.7,11.4,Weight Loss
Oatmeal with Berries,Breakfast,633,23.0,29.1,13.5,High Protein
Tofu Stir Fry,Lunch,547,17.8,15.8,9.9,Balanced Diet
Salmon and Veggies,Snack,418,10.6,14.6,18.6,Weight Loss
Greek Yogurt Parfait,Snack,560,31.3,68.5,6.6,Balanced Diet
Vegan Lentil Soup,Lunch,460,16.3,40.4,10.6,Vegan
Beef Stir Fry,Lunch,784,31.2,15.6,27.5,Muscle Gain
Chickpea Curry,Dinner,605,37.7,65.3,25.8,Low Carb
Stuffed Bell Peppers,Breakfast,587,31.2,40.6,24.1,Low Carb
Quinoa Salad,Lunch,700,18.2,26.7,9.4,Muscle Gain
Shrimp Tacos,Lunch,419,10.2,17.4,20.8,Vegan
Greek Yogurt Parfait,Dinner,743,33.5,33.6,6.3,Muscle Gain
Beef Stir Fry,Dinner,294,30.9,10.5,8.4,Weight Loss
Fruit and Nut Mix,Snack,349,12.5,60.5,6.7,Weight Loss
Chickpea Curry,Snack,525,12.4,47.6,6.9,Balanced Diet
Vegan Buddha Bowl,Breakfast,420,11.1,36.9,8.5,Low Carb
Fruit and Nut Mix,Lunch,690,30.0,48.2,10.4,Low Carb
Vegan Buddha Bowl,Dinner,368,24.1,29.5,17.1,Vegan
Greek Yogurt Parfait,Snack,574,30.1,15.5,12.8,High Protein
Quinoa Salad,Snack,597,20.3,29.9,12.6,Muscle Gain
Chickpea Curry,Snack,788,24.0,55.5,29.8,Muscle Gain
Turkey Sandwich,Breakfast,476,18.9,19.3,10.6,Vegan
Protein Smoothie,Snack,362,24.5,40.7,11.5,Vegan
Quinoa Salad,Breakfast,550,21.0,45.1,5.1,Vegan
Vegan Buddha Bowl,Dinner,362,39.4,13.5,5.8,Vegan
Sweet Potato Bowl,Lunch,702,18.2,64.9,9.8,Muscle Gain
Chickpea Curry,Dinner,645,15.3,40.2,17.2,Low Carb
Egg White Omelette,Snack,437,22.5,33.8,17.3,High Protein
Fruit and Nut Mix,Snack,666,31.0,49.1,26.2,Muscle Gain
Shrimp Tacos,Snack,409,16.8,61.3,20.8,Weight Loss
Egg White Omelette,Lunch,490,37.9,67.5,24.4,Balanced Diet
Greek Yogurt Parfait,Dinner,518,21.8,37.2,28.3,High Protein
Vegan Lentil Soup,Lunch,443,36.3,61.4,24.8,High Protein
Stuffed Bell Peppers,Snack,549,35.9,60.1,9.3,Muscle Gain
Vegan Buddha Bowl,Dinner,564,15.7,14.8,13.2,Muscle Gain
Fruit and Nut Mix,Dinner,318,25.6,10.3,17.9,Keto
Oatmeal with Berries,Dinner,595,37.8,27.5,13.3,Low Carb
Chickpea Curry,Dinner,435,21.7,47.8,23.7,Weight Loss
Quinoa Salad,Dinner,265,16.8,56.0,8.2,Weight Loss
Keto Bacon Omelette,Snack,505,19.5,50.9,5.1,Low Carb
Oatmeal with Berries,Lunch,342,19.4,37.3,10.4,Weight Loss
Avocado Toast,Dinner,695,39.0,37.6,28.4,High Protein
Quinoa Salad,Breakfast,300,39.2,49.6,6.4,Vegan
Greek Yogurt Parfait,Lunch,663,34.6,23.9,29.9,Muscle Gain
Protein Smoothie,Snack,671,28.3,52.4,14.8,High Protein
Quinoa Salad,Lunch,458,19.1,41.5,24.0,Vegan
Shrimp Tacos,Dinner,439,30.7,21.6,12.0,Vegan
Grilled Chicken Salad,Breakfast,524,31.6,41.9,23.4,Keto
Grilled Chicken Salad,Snack,537,15.3,44.4,7.8,High Protein
Vegan Buddha Bowl,Lunch,544,15.6,19.6,22.1,Vegan
Salmon and Veggies,Dinner,345,18.0,20.0,8.0,Keto
Greek Yogurt Parfait,Dinner,423,28.8,65.4,8.6,Low Carb
Turkey Sandwich,Dinner,429,14.2,57.5,10.0,High Protein
Tofu Stir Fry,Snack,435,22.4,20.0,15.7,Low Carb
Pasta Primavera,Breakfast,461,21.2,66.3,7.9,Low Carb
Avocado Toast,Lunch,683,31.4,38.0,27.3,Low Carb
Turkey Sandwich,Lunch,548,26.2,45.6,20.8,Muscle Gain
Keto Bacon Omelette,Snack,433,38.2,36.0,24.7,Low Carb
Vegan Lentil Soup,Breakfast,346,10.0,69.4,20.9,Vegan
Quinoa Salad,Breakfast,445,34.7,64.0,14.2,Keto
Tofu Stir Fry,Lunch,675,37.6,40.2,20.2,Low Carb
Salmon and Veggies,Breakfast,506,17.3,55.7,27.3,Vegan
Protein Smoothie,Lunch,476,19.1,51.9,10.4,Low Carb
Chickpea Curry,Snack,653,31.9,51.4,23.7,Balanced Diet
Vegan Lentil Soup,Snack,688,23.6,54.4,27.2,Balanced Diet
Quinoa Salad,Dinner,357,32.1,57.9,21.4,Vegan
Beef Stir Fry,Lunch,613,27.7,62.6,9.9,Muscle Gain
Quinoa Salad,Dinner,494,32.9,23.4,13.5,Low Carb
Shrimp Tacos,Lunch,653,36.1,21.6,29.0,Balanced Diet
Beef Stir Fry,Snack,697,16.0,54.2,21.0,High Protein
Stuffed Bell Peppers,Breakfast,529,16.8,40.6,6.2,High Protein
Vegan Buddha Bowl,Lunch,378,16.7,17.3,23.0,Weight Loss
Fruit and Nut Mix,Lunch,431,35.6,53.5,20.1,Weight Loss
Tofu Stir Fry,Dinner,652,10.8,69.5,19.7,Balanced Diet
Pasta Primavera,Lunch,412,23.4,25.8,29.5,Vegan
Protein Smoothie,Dinner,428,24.6,29.3,29.1,Balanced Diet
Shrimp Tacos,Breakfast,311,16.7,13.8,28.8,Vegan
Salmon and Veggies,Dinner,591,24.6,25.8,27.3,Muscle Gain
Turkey Sandwich,Dinner,695,23.1,19.0,24.8,Muscle Gain
Oatmeal with Berries,Lunch,392,22.5,66.9,25.0,Weight Loss
Protein Smoothie,Lunch,338,10.3,15.3,10.5,Keto
Vegan Buddha Bowl,Dinner,547,11.8,32.4,15.4,Vegan
Avocado Toast,Dinner,555,35.3,22.7,14.5,Keto
Oatmeal with Berries,Breakfast,540,21.9,42.6,8.6,Balanced Diet
Avocado Toast,Lunch,400,37.3,34.9,22.5,Weight Loss
Vegan Buddha Bowl,Breakfast,296,38.4,36.5,19.4,Weight Loss
Sweet Potato Bowl,Snack,550,30.4,49.4,16.8,Muscle Gain
Grilled Chicken Salad,Dinner,404,13.9,27.5,22.4,High Protein
Egg White Omelette,Breakfast,326,35.7,28.5,28.7,Keto
Shrimp Tacos,Dinner,510,33.7,38.6,5.9,Vegan
Greek Yogurt Parfait,Dinner,398,18.1,30.3,18.4,Vegan
Fruit and Nut Mix,Dinner,400,39.4,62.8,29.6,High Protein
Stuffed Bell Peppers,Snack,373,40.0,61.3,17.5,Keto
Stuffed Bell Peppers,Lunch,636,21.3,56.1,17.1,Low Carb
Salmon and Veggies,Lunch,464,27.1,15.1,15.6,Balanced Diet
Fruit and Nut Mix,Dinner,725,10.6,49.3,27.7,Muscle Gain
Fruit and Nut Mix,Lunch,485,11.6,17.2,5.4,Vegan
Pasta Primavera,Breakfast,599,39.8,66.3,15.6,Balanced Diet
Turkey Sandwich,Breakfast,642,35.5,13.3,13.2,Muscle Gain
Chickpea Curry,Lunch,631,27.7,60.7,10.8,Low Carb
Avocado Toast,Snack,534,11.4,65.4,9.3,Low Carb
Oatmeal with Berries,Snack,422,31.8,22.4,12.1,High Protein
Vegan Lentil Soup,Snack,467,11.5,18.2,12.1,Low Carb
Egg White Omelette,Snack,443,28.2,62.0,15.5,Low Carb
Keto Bacon Omelette,Lunch,641,27.0,14.1,6.3,Muscle Gain
Quinoa Salad,Lunch,309,28.5,34.4,28.0,Vegan
Chickpea Curry,Snack,783,30.0,30.6,9.7,Muscle Gain
Shrimp Tacos,Dinner,602,20.3,59.6,14.0,Muscle Gain
Quinoa Salad,Lunch,455,24.4,54.6,9.9,Low Carb
Shrimp Tacos,Lunch,729,23.5,60.0,19.7,Muscle Gain
Quinoa Salad,Snack,301,24.5,68.9,6.7,Weight Loss
Shrimp Tacos,Breakfast,316,10.3,24.1,14.0,Keto
Grilled Chicken Salad,Snack,423,28.9,58.2,11.9,Keto
Quinoa Salad,Dinner,800,23.8,44.8,27.7,Muscle Gain
Chickpea Curry,Dinner,459,30.4,41.0,27.0,Vegan
Greek Yogurt Parfait,Breakfast,453,10.2,30.9,10.7,Balanced Diet
Chickpea Curry,Snack,441,23.1,10.4,24.3,Weight Loss
Sweet Potato Bowl,Lunch,517,15.4,41.5,20.8,Balanced Diet
Tofu Stir Fry,Dinner,500,13.9,42.6,14.6,Muscle Gain
Pasta Primavera,Dinner,452,30.7,42.2,11.6,Low Carb
Stuffed Bell Peppers,Dinner,404,39.2,58.9,23.1,Balanced Diet
Oatmeal with Berries,Dinner,492,18.9,33.1,26.0,High Protein
Beef Stir Fry,Dinner,394,31.3,10.4,21.9,Keto
Grilled Chicken Salad,Snack,680,23.7,16.7,20.5,Muscle Gain
Salmon and Veggies,Dinner,379,26.7,18.1,28.8,Vegan
Stuffed Bell Peppers,Breakfast,262,19.5,58.3,20.1,Weight Loss
Oatmeal with Berries,Dinner,667,14.4,62.4,11.6,Muscle Gain
Stuffed Bell Peppers,Lunch,334,31.3,49.0,23.8,Keto
Vegan Buddha Bowl,Lunch,563,20.4,25.6,29.7,High Protein
Greek Yogurt Parfait,Dinner,400,11.6,21.8,13.8,Weight Loss
Vegan Buddha Bowl,Snack,565,32.8,43.1,17.5,Balanced Diet
Oatmeal with Berries,Lunch,529,28.2,14.6,18.6,High Protein
Avocado Toast,Snack,411,19.3,20.8,27.5,Vegan
Egg White Omelette,Snack,546,21.1,10.2,6.3,High Protein
Quinoa Salad,Dinner,613,16.1,34.5,5.3,Low Carb
Sweet Potato Bowl,Dinner,445,14.7,44.0,21.4,Low Carb
Vegan Lentil Soup,Snack,628,15.3,18.7,11.0,Balanced Diet
Stuffed Bell Peppers,Dinner,678,38.1,52.6,12.6,Muscle Gain
Egg White Omelette,Lunch,405,29.4,32.5,12.4,High Protein
Chickpea Curry,Breakfast,736,17.9,23.5,18.1,Muscle Gain
Sweet Potato Bowl,Snack,727,27.1,62.7,27.5,Muscle Gain
Beef Stir Fry,Lunch,402,32.6,11.2,20.2,Weight Loss
Avocado Toast,Breakfast,421,18.3,45.3,23.1,Low Carb
Tofu Stir Fry,Dinner,699,24.9,64.1,18.5,Balanced Diet
Avocado Toast,Breakfast,498,24.7,45.5,11.5,Vegan
Turkey Sandwich,Dinner,251,25.1,57.2,22.4,Weight Loss
Turkey Sandwich,Breakfast,347,11.5,50.3,17.8,Keto
Shrimp Tacos,Dinner,539,23.3,58.1,12.8,Keto
Egg White Omelette,Dinner,497,22.4,20.2,20.4,Balanced Diet
Avocado Toast,Breakfast,337,14.2,29.9,27.4,Keto
Shrimp Tacos,Snack,405,17.7,23.0,17.6,Balanced Diet
Stuffed Bell Peppers,Dinner,645,13.1,68.8,23.6,Low Carb
Avocado Toast,Breakfast,420,30.0,22.5,16.7,High Protein
Stuffed Bell Peppers,Snack,420,35.1,50.2,19.8,Low Carb
Fruit and Nut Mix,Breakfast,405,20.3,67.4,15.2,Keto
Turkey Sandwich,Breakfast,466,37.6,21.4,25.0,Balanced Diet
Tofu Stir Fry,Lunch,566,12.2,37.5,5.7,Balanced Diet
Tofu Stir Fry,Dinner,509,25.0,39.3,5.7,Balanced Diet
Salmon and Veggies,Breakfast,310,14.0,26.9,23.3,Keto
Keto Bacon Omelette,Breakfast,594,11.5,40.6,23.8,Low Carb
Greek Yogurt Parfait,Dinner,443,37.9,15.5,7.8,Weight Loss
Pasta Primavera,Breakfast,374,30.2,63.5,9.1,Weight Loss
Quinoa Salad,Dinner,493,22.4,22.4,20.4,Keto
Shrimp Tacos,Dinner,303,10.5,18.4,24.5,Weight Loss
Fruit and Nut Mix,Lunch,598,26.8,40.9,15.4,Keto
Vegan Lentil Soup,Lunch,516,20.1,14.7,20.3,Vegan
Vegan Buddha Bowl,Lunch,474,33.5,14.9,16.8,High Protein
Greek Yogurt Parfait,Snack,638,30.8,26.2,6.5,Low Carb
Stuffed Bell Peppers,Breakfast,335,19.7,19.5,20.6,Vegan
Shrimp Tacos,Lunch,416,25.6,44.2,24.4,Weight Loss
Protein Smoothie,Lunch,684,15.5,40.8,6.7,Muscle Gain
Salmon and Veggies,Snack,356,26.5,50.9,17.9,Keto
Pasta Primavera,Breakfast,478,15.3,11.4,13.0,Keto
Pasta Primavera,Snack,507,11.1,39.9,19.7,High Protein
Keto Bacon Omelette,Lunch,664,39.8,27.3,13.1,High Protein
Stuffed Bell Peppers,Lunch,483,17.7,22.2,29.7,Vegan
Pasta Primavera,Dinner,487,15.8,25.9,29.3,Balanced Diet
Greek Yogurt Parfait,Dinner,575,20.5,66.0,15.1,Muscle Gain
Fruit and Nut Mix,Dinner,266,23.7,28.0,21.9,Weight Loss
Grilled Chicken Salad,Dinner,446,25.6,28.0,15.6,High Protein
Chickpea Curry,Dinner,689,14.7,56.8,28.4,Low Carb
Quinoa Salad,Snack,673,39.7,62.2,13.2,Balanced Diet
Turkey Sandwich,Dinner,294,30.6,48.6,28.7,Weight Loss
Chickpea Curry,Dinner,672,17.3,19.1,14.4,High Protein
Pasta Primavera,Breakfast,582,13.6,48.6,6.4,High Protein
Beef Stir Fry,Snack,670,27.5,65.7,9.7,Balanced Diet
Grilled Chicken Salad,Snack,448,16.6,63.9,20.8,Weight Loss
Keto Bacon Omelette,Dinner,279,18.0,15.6,7.5,Weight Loss
Egg White Omelette,Lunch,279,39.9,11.7,28.0,Weight Loss
Fruit and Nut Mix,Dinner,360,22.8,30.7,9.0,Weight Loss
Turkey Sandwich,Snack,520,15.6,24.3,7.7,Vegan
Keto Bacon Omelette,Snack,418,28.7,55.2,21.9,Low Carb
Greek Yogurt Parfait,Dinner,372,30.2,32.7,29.0,Weight Loss
Sweet Potato Bowl,Dinner,393,29.3,40.1,5.7,Keto
Chickpea Curry,Dinner,583,38.0,52.7,20.6,Low Carb
Keto Bacon Omelette,Breakfast,622,38.1,44.5,5.6,Low Carb
Beef Stir Fry,Snack,611,38.1,25.5,15.5,Muscle Gain
Beef Stir Fry,Snack,524,28.7,41.4,15.6,Balanced Diet
Protein Smoothie,Snack,652,39.3,52.6,17.5,Balanced Diet
Salmon and Veggies,Snack,416,39.9,58.0,28.5,High Protein
Fruit and Nut Mix,Lunch,795,27.4,37.6,24.7,Muscle Gain
Beef Stir Fry,Dinner,415,27.4,25.1,24.1,Vegan
Keto Bacon Omelette,Snack,428,39.1,69.7,19.9,Low Carb
Quinoa Salad,Breakfast,568,36.7,21.6,21.6,Balanced Diet
Pasta Primavera,Snack,689,14.5,44.5,11.8,Balanced Diet
Vegan Lentil Soup,Dinner,556,10.2,52.1,26.4,Low Carb
Tofu Stir Fry,Breakfast,429,39.5,59.2,11.8,Weight Loss
Fruit and Nut Mix,Lunch,731,21.9,26.7,20.0,Muscle Gain
Stuffed Bell Peppers,Dinner,444,30.5,58.6,20.8,Weight Loss
Chickpea Curry,Breakfast,564,11.8,29.7,26.2,High Protein
Sweet Potato Bowl,Snack,445,16.7,23.7,24.0,Keto
Fruit and Nut Mix,Lunch,593,39.3,35.2,20.4,Muscle Gain
Avocado Toast,Breakfast,497,35.5,61.2,9.3,High Protein
Protein Smoothie,Snack,355,33.7,44.3,13.2,Weight Loss
Vegan Buddha Bowl,Breakfast,485,15.7,19.9,18.1,Vegan
Keto Bacon Omelette,Breakfast,340,26.7,40.1,11.5,Vegan
Chickpea Curry,Dinner,499,20.2,47.3,25.3,High Protein
Fruit and Nut Mix,Dinner,572,26.0,47.1,9.9,Low Carb
Salmon and Veggies,Breakfast,475,38.9,12.5,21.7,Vegan
Vegan Lentil Soup,Dinner,376,23.9,64.1,19.9,Keto
Fruit and Nut Mix,Snack,476,33.0,49.0,10.7,High Protein
Oatmeal with Berries,Lunch,315,21.4,30.5,12.6,Keto
Pasta Primavera,Snack,643,30.9,19.1,12.4,Low Carb
